{"_module": "oauth2client.client", "token_expiry": "2015-02-01T02:29:57Z", "access_token": "ya29.DQFupORQuc2NQty5U_FN1iQrBoMAmbFFYaA8o1Y7DR8xFG8VJZ4TPDPuS-PAKPdVPgA3Lgj5dQS_qg", "token_uri": "https://accounts.google.com/o/oauth2/token", "invalid": false, "token_response": {"access_token": "ya29.DQFupORQuc2NQty5U_FN1iQrBoMAmbFFYaA8o1Y7DR8xFG8VJZ4TPDPuS-PAKPdVPgA3Lgj5dQS_qg", "token_type": "Bearer", "expires_in": 3600}, "client_id": "454678630732-2tr65d6qo1vef2jqffodil4lc9i4svoe.apps.googleusercontent.com", "id_token": null, "client_secret": "9LQJOdj1XiQaP2dmCzXY-Ohx", "revoke_uri": "https://accounts.google.com/o/oauth2/revoke", "_class": "OAuth2Credentials", "refresh_token": "1/hv-mqwHCmGooXy90CCwAnxojYdE8Rox_Kl21IB3iHJkMEudVrK5jSpoR30zcRFq6", "user_agent": null}