{"_module": "oauth2client.client", "token_expiry": "2015-02-01T12:31:25Z", "access_token": "ya29.DQEioiyCFMwqL9ZtIr9kHn634MrCD0iitNl8M3Pd0tSmJVsmyWNNTKuxh0nT7i_Gy867d10FxArzjA", "token_uri": "https://accounts.google.com/o/oauth2/token", "invalid": false, "token_response": {"access_token": "ya29.DQEioiyCFMwqL9ZtIr9kHn634MrCD0iitNl8M3Pd0tSmJVsmyWNNTKuxh0nT7i_Gy867d10FxArzjA", "token_type": "Bearer", "expires_in": 3600}, "client_id": "454678630732-2tr65d6qo1vef2jqffodil4lc9i4svoe.apps.googleusercontent.com", "id_token": null, "client_secret": "9LQJOdj1XiQaP2dmCzXY-Ohx", "revoke_uri": "https://accounts.google.com/o/oauth2/revoke", "_class": "OAuth2Credentials", "refresh_token": "1/R_gNCFabgk4ZFFw4gscqjZ1jYP-TnlPfWxMc6kWZuhI", "user_agent": null}