{"_module": "oauth2client.client", "token_expiry": "2015-07-10T07:05:19Z", "access_token": "ya29.rAEANWbQc1Wk0J-GayxUhziOC-KTpYHb9LJK2Gi5CtAhnJ5QhOPwQ3MCNwYFVNOmtL-wSw", "token_uri": "https://accounts.google.com/o/oauth2/token", "invalid": false, "token_response": {"access_token": "ya29.rAEANWbQc1Wk0J-GayxUhziOC-KTpYHb9LJK2Gi5CtAhnJ5QhOPwQ3MCNwYFVNOmtL-wSw", "token_type": "Bearer", "expires_in": 3600}, "client_id": "454678630732-2tr65d6qo1vef2jqffodil4lc9i4svoe.apps.googleusercontent.com", "id_token": null, "client_secret": "9LQJOdj1XiQaP2dmCzXY-Ohx", "revoke_uri": "https://accounts.google.com/o/oauth2/revoke", "_class": "OAuth2Credentials", "refresh_token": "1/Zah_jtJ6CJ-_cn_tL3bmBX6hFF9DRuaYnh8fFAzc3Ns", "user_agent": null}